ticker_id,ticker,id,date_id,close_price,date
1,ASTS,,,,
2,ATEX,,,,
3,ATNI,,,,
4,BAND,,,,
5,CCOI,,,,
6,FYBR,,,,
7,GSAT,,,,
8,IDT,,,,
9,IQST,,,,
10,IRDM,,,,
11,LILA,,,,
12,LILAK,,,,
13,LUMN,,,,
14,NXPL,,,,
15,SHEN,,,,
16,T,,,,
17,VZ,,,,
18,AMC,,,,
19,BATRA,,,,
20,BATRK,,,,
21,BLMZ,,,,
22,CNK,,,,
23,CNVS,,,,
24,CURI,,,,
25,DIS,,,,
26,DLPN,,,,
27,EA,,,,
28,EB,,,,
29,FWONA,,,,
30,FWONK,,,,
31,GAIA,,,,
32,GMGI,,,,
33,GXAI,,,,
34,LLYVA,,,,
35,LLYVK,,,,
36,LVO,,,,
37,LYV,,,,
38,MCS,,,,
39,MITQ,,,,
40,MSGE,,,,
41,MSGM,,,,
42,MSGS,,,,
43,MYPS,,,,
44,NFLX,,,,
45,PODC,,,,
46,RBLX,,,,
47,RDI,,,,
48,RDIB,,,,
49,ROKU,,,,
50,RSVR,,,,
51,SEAT,,,,
52,SKLZ,,,,
53,SNAL,,,,
54,SPHR,,,,
55,STRZ,,,,
56,TBH,,,,
57,TKO,,,,
58,TOON,,,,
59,TRUG,,,,
60,TTWO,,,,
61,WBD,,,,
62,WMG,,,,
63,ANGI,,,,
64,AREN,,,,
65,BMBL,,,,
66,BZFD,,,,
67,CARG,,,,
68,CARS,,,,
69,DHX,,,,
70,DJT,,,,
71,EVER,,,,
72,FUBO,,,,
73,GETY,,,,
74,GIFT,,,,
75,GOOG,,,,
76,GOOGL,,,,
77,GRND,,,,
78,GTM,,,,
79,HWH,,,,
80,IAC,,,,
81,IPM,,,,
82,IZEA,,,,
83,KIND,,,,
84,MAX,,,,
85,META,,,,
86,MTCH,,,,
87,PINS,,,,
88,PSQH,,,,
89,QNST,,,,
90,RDDT,,,,
91,RUM,,,,
92,SLE,,,,
93,SNAP,,,,
94,SOPA,,,,
95,SST,,,,
96,SSTK,,,,
97,TEAD,,,,
98,TRIP,,,,
99,TZOO,,,,
100,VMEO,,,,
101,WBTN,,,,
102,YELP,,,,
103,ZD,,,,
104,ZDGE,,,,
105,ZIP,,,,
106,TRUE,,,,
107,ADV,,,,
108,AMCX,,,,
109,ASST,,,,
110,ATUS,,,,
111,BBGI,,,,
112,BOC,,,,
113,CABO,,,,
114,CCO,,,,
115,CDLX,,,,
116,CHTR,,,,
117,CMCSA,,,,
118,CREX,,,,
119,DALN,,,,
120,DRCT,,,,
121,DV,,,,
122,EEX,,,,
123,EVC,,,,
124,FLNT,,,,
125,FOX,,,,
126,FOXA,,,,
127,GCI,,,,
128,GTN,,,,
129,GTN/A,,,,
130,HHS,,,,
131,IAS,,,,
132,IBTA,,,,
133,IHRT,,,,
134,IPG,,,,
135,LBRDA,,,,
136,LBRDK,,,,
137,LEE,,,,
138,MCHX,,,,
139,MGNI,,,,
140,MNTN,,,,
141,NCMI,,,,
142,NMAX,,,,
143,NWS,,,,
144,NWSA,,,,
145,NXST,,,,
146,NYT,,,,
147,OMC,,,,
148,PARA,,,,
149,PARAA,,,,
150,PUBM,,,,
151,SATS,,,,
152,SBGI,,,,
153,SCHL,,,,
154,SCOR,,,,
155,SGA,,,,
156,SGRP,,,,
157,SIRI,,,,
158,SSP,,,,
159,STGW,,,,
160,SWAG,,,,
161,TGL,,,,
162,TGNA,,,,
163,THRY,,,,
164,TSQ,,,,
165,TTD,,,,
166,TTGT,,,,
167,UONE,,,,
168,UONEK,,,,
169,WLY,,,,
170,WLYB,,,,
171,WOW,,,,
172,XHLD,,,,
173,YHC,,,,
174,GOGO,,,,
175,KORE,,,,
176,SPOK,,,,
177,TDS,,,,
178,TMUS,,,,
179,USM,,,,
180,ADNT,,,,
181,AXL,,,,
182,BWA,,,,
183,CPS,,,,
184,DAN,,,,
185,DORM,,,,
186,FOXF,,,,
187,GNTX,,,,
188,GT,,,,
189,HLLY,,,,
190,LAZR,,,,
191,LCII,,,,
192,LEA,,,,
193,MKDW,,,,
194,MOD,,,,
195,MPAA,,,,
196,PATK,,,,
197,PHIN,,,,
198,QS,,,,
199,SLDP,,,,
200,SMP,,,,
201,SRI,,,,
202,STRT,,,,
203,SUP,,,,
204,SYPR,,,,
205,THRM,,,,
206,VC,,,,
207,WKSP,,,,
208,XPEL,,,,
209,AYRO,,,,
210,CENN,,,,
211,ECDA,,,,
212,EVTV,,,,
213,F,,,,
214,FFAI,,,,
215,FLYE,,,,
216,GM,,,,
217,HOG,,,,
218,LCID,,,,
219,LVWR,,,,
220,MAMO,,,,
221,MULN,,,,
222,RIVN,,,,
223,THO,,,,
224,TSLA,,,,
225,VLCN,,,,
226,WGO,,,,
227,WKHS,,,,
228,AMZN,,,,
229,CPNG,,,,
230,DDS,,,,
231,DIBS,,,,
232,EBAY,,,,
233,ETSY,,,,
234,GRPN,,,,
235,HOUR,,,,
236,KSS,,,,
237,M,,,,
238,OLLI,,,,
239,QVCGA,,,,
240,SVV,,,,
241,AENT,,,,
242,AMRK,,,,
243,CTNT,,,,
244,DIT,,,,
245,EDUC,,,,
246,GCT,,,,
247,GNLN,,,,
248,GPC,,,,
249,KAVL,,,,
250,LKQ,,,,
251,POOL,,,,
252,WEYS,,,,
253,ADD,,,,
254,ADT,,,,
255,ALUR,,,,
256,AMBO,,,,
257,AMST,,,,
258,APEI,,,,
259,ATGE,,,,
260,BFAM,,,,
261,BODI,,,,
262,CHGG,,,,
263,COUR,,,,
264,CSV,,,,
265,DUOL,,,,
266,EEIQ,,,,
267,EWCZ,,,,
268,FTDR,,,,
269,GHC,,,,
270,HRB,,,,
271,KIDZ,,,,
272,KLC,,,,
273,LAUR,,,,
274,LGCY,,,,
275,LINC,,,,
276,LOPE,,,,
277,LRN,,,,
278,MATW,,,,
279,MCW,,,,
280,MYND,,,,
281,NRDY,,,,
282,PET,,,,
283,PRDO,,,,
284,RGS,,,,
285,SCI,,,,
286,STRA,,,,
287,UDMY,,,,
288,UTI,,,,
289,XWEL,,,,
290,ZSPC,,,,
291,ABNB,,,,
292,ACEL,,,,
293,AGAE,,,,
294,AGH,,,,
295,AGS,,,,
296,ARKR,,,,
297,ARMK,,,,
298,BALY,,,,
299,BDL,,,,
300,BH,,,,
301,BH/A,,,,
302,BJRI,,,,
303,BKNG,,,,
304,BLMN,,,,
305,BROS,,,,
306,BTBD,,,,
307,BYD,,,,
308,CAKE,,,,
309,CAVA,,,,
310,CBRL,,,,
311,CCL,,,,
312,CHDN,,,,
313,CHH,,,,
314,CMG,,,,
315,CNTY,,,,
316,CPHC,,,,
317,CUK,,,,
318,CZR,,,,
319,DASH,,,,
320,DENN,,,,
321,DIN,,,,
322,DKNG,,,,
323,DNUT,,,,
324,DPZ,,,,
325,DRI,,,,
326,EAT,,,,
327,EVRI,,,,
328,EXPE,,,,
329,FAT,,,,
330,FATBB,,,,
331,FLL,,,,
332,FLUT,,,,
333,FUN,,,,
334,FWRG,,,,
335,GBTG,,,,
336,GDEN,,,,
337,GENK,,,,
338,GTIM,,,,
339,H,,,,
340,HGV,,,,
341,HLT,,,,
342,HOFV,,,,
343,IGT,,,,
344,INSE,,,,
345,ISPO,,,,
346,JACK,,,,
347,KRUS,,,,
348,LIND,,,,
349,LNW,,,,
350,LOCO,,,,
351,LTH,,,,
352,LTRY,,,,
353,LUCK,,,,
354,LVS,,,,
355,MAR,,,,
356,MCD,,,,
357,MCRI,,,,
358,MGM,,,,
359,MTN,,,,
360,NATH,,,,
361,NCLH,,,,
362,NDLS,,,,
363,PBPB,,,,
364,PENN,,,,
365,PLAY,,,,
366,PLNT,,,,
367,PLYA,,,,
368,PRKS,,,,
369,PRSU,,,,
370,PTLO,,,,
371,PZZA,,,,
372,RAVE,,,,
373,RCL,,,,
374,RICK,,,,
375,ROLR,,,,
376,RRGB,,,,
377,RRR,,,,
378,RSI,,,,
379,SABR,,,,
380,SBET,,,,
381,SBUX,,,,
382,SERV,,,,
383,SG,,,,
384,SHAK,,,,
385,SOND,,,,
386,STKS,,,,
387,TH,,,,
388,TNL,,,,
389,TWNP,,,,
390,TXRH,,,,
391,VAC,,,,
392,VENU,,,,
393,WEN,,,,
394,WH,,,,
395,WING,,,,
396,WYNN,,,,
397,XPOF,,,,
398,YOSH,,,,
399,YUM,,,,
400,ATER,,,,
401,BLD,,,,
402,BSET,,,,
403,BZH,,,,
404,CCS,,,,
405,COOK,,,,
406,CRCT,,,,
407,CVCO,,,,
408,DFH,,,,
409,DHI,,,,
410,ETD,,,,
411,FLXS,,,,
412,GPRO,,,,
413,GRBK,,,,
414,HBB,,,,
415,HELE,,,,
416,HOFT,,,,
417,HOV,,,,
418,IBP,,,,
419,IRBT,,,,
420,KBH,,,,
421,KOSS,,,,
422,LCUT,,,,
423,LEG,,,,
424,LEN,,,,
425,LEN/B,,,,
426,LGIH,,,,
427,LIVE,,,,
428,LOVE,,,,
429,LSEA,,,,
430,LZB,,,,
431,MHK,,,,
432,MHO,,,,
433,MSN,,,,
434,MTH,,,,
435,NVFY,,,,
436,NVR,,,,
437,NWL,,,,
438,PHM,,,,
439,PRPL,,,,
440,RIME,,,,
441,SDHC,,,,
442,SGI,,,,
443,SKY,,,,
444,SN,,,,
445,SONO,,,,
446,STRR,,,,
447,TMHC,,,,
448,TOL,,,,
449,TPH,,,,
450,UEIC,,,,
451,UHG,,,,
452,WHR,,,,
453,YHGJ,,,,
454,AOUT,,,,
455,BC,,,,
456,CLAR,,,,
457,ESCA,,,,
458,FNKO,,,,
459,GOLF,,,,
460,HAS,,,,
461,JAKK,,,,
462,JOUT,,,,
463,MAT,,,,
464,MBUU,,,,
465,MCFT,,,,
466,MODG,,,,
467,MPX,,,,
468,NWTG,,,,
469,PII,,,,
470,POWW,,,,
471,PTON,,,,
472,RGR,,,,
473,SRM,,,,
474,SWBI,,,,
475,SWIM,,,,
476,TRNR,,,,
477,VEEE,,,,
478,YETI,,,,
479,YYAI,,,,
480,AAP,,,,
481,ABG,,,,
482,AEO,,,,
483,AKA,,,,
484,AN,,,,
485,ANF,,,,
486,ARHS,,,,
487,ARKO,,,,
488,ASO,,,,
489,AZO,,,,
490,BARK,,,,
491,BBW,,,,
492,BBWI,,,,
493,BBY,,,,
494,BGFV,,,,
495,BKE,,,,
496,BNED,,,,
497,BOOT,,,,
498,BRLT,,,,
499,BURL,,,,
500,BYON,,,,
501,CAL,,,,
502,CATO,,,,
503,CHWY,,,,
504,CRMT,,,,
505,CTRN,,,,
506,CURV,,,,
507,CVNA,,,,
508,CWH,,,,
509,DBI,,,,
510,DKS,,,,
511,DLTH,,,,
512,DXLG,,,,
513,ELA,,,,
514,EVGO,,,,
515,EYE,,,,
516,FIVE,,,,
517,FL,,,,
518,FLWS,,,,
519,FND,,,,
520,GAP,,,,
521,GCO,,,,
522,GME,,,,
523,GORV,,,,
524,GPI,,,,
525,GROV,,,,
526,GRWG,,,,
527,HD,,,,
528,HVT,,,,
529,HVT/A,,,,
530,HZO,,,,
531,JILL,,,,
532,KIRK,,,,
533,KMX,,,,
534,LAD,,,,
535,LE,,,,
536,LESL,,,,
537,LOW,,,,
538,LVLU,,,,
539,MNRO,,,,
540,MUSA,,,,
541,NEGG,,,,
542,ODP,,,,
543,ONEW,,,,
544,ORLY,,,,
545,PAG,,,,
546,PETS,,,,
547,PLCE,,,,
548,PRTS,,,,
549,REAL,,,,
550,RENT,,,,
551,RH,,,,
552,RMBL,,,,
553,ROST,,,,
554,RVLV,,,,
555,SAH,,,,
556,SBH,,,,
557,SCVL,,,,
558,SFIX,,,,
559,SIG,,,,
560,SNBR,,,,
561,SPWH,,,,
562,TDUP,,,,
563,TJX,,,,
564,TLF,,,,
565,TLYS,,,,
566,TSCO,,,,
567,TTSH,,,,
568,ULTA,,,,
569,UPBD,,,,
570,URBN,,,,
571,VSCO,,,,
572,VVV,,,,
573,W,,,,
574,WINA,,,,
575,WOOF,,,,
576,WRBY,,,,
577,WSM,,,,
578,XELB,,,,
579,ZUMZ,,,,
580,BIRD,,,,
581,COLM,,,,
582,CRI,,,,
583,CROX,,,,
584,CRWS,,,,
585,CULP,,,,
586,DECK,,,,
587,FIGS,,,,
588,FOSL,,,,
589,GIII,,,,
590,HBI,,,,
591,JRSH,,,,
592,KTB,,,,
593,LAKE,,,,
594,LEVI,,,,
595,MOV,,,,
596,NKE,,,,
597,OXM,,,,
598,PLBY,,,,
599,PVH,,,,
600,RCKY,,,,
601,RL,,,,
602,SGC,,,,
603,SHOO,,,,
604,SKX,,,,
605,TPR,,,,
606,UA,,,,
607,UAA,,,,
608,UFI,,,,
609,VFC,,,,
610,VNCE,,,,
611,VRA,,,,
612,WWW,,,,
613,AMZE,,,,
614,BF/A,,,,
615,BF/B,,,,
616,BLNE,,,,
617,CASK,,,,
618,CELH,,,,
619,COCO,,,,
620,COKE,,,,
621,FIZZ,,,,
622,KDP,,,,
623,KO,,,,
624,MGPI,,,,
625,MNST,,,,
626,PEP,,,,
627,PRMB,,,,
628,SAM,,,,
629,SBEV,,,,
630,STZ,,,,
631,TAP,,,,
632,TAP/A,,,,
633,WVVI,,,,
634,ZVIA,,,,
635,ACI,,,,
636,ANDE,,,,
637,BJ,,,,
638,CART,,,,
639,CASY,,,,
640,CHEF,,,,
641,COST,,,,
642,DG,,,,
643,DLTR,,,,
644,GO,,,,
645,GRDN,,,,
646,HCWC,,,,
647,HFFG,,,,
648,IMKTA,,,,
649,KR,,,,
650,MGRX,,,,
651,MSS,,,,
652,NGVC,,,,
653,PFGC,,,,
654,PSMT,,,,
655,REBN,,,,
656,SFM,,,,
657,SPTN,,,,
658,SYY,,,,
659,TGT,,,,
660,UNFI,,,,
661,USFD,,,,
662,VLGEA,,,,
663,WBA,,,,
664,WMK,,,,
665,WMT,,,,
666,ADM,,,,
667,ALCO,,,,
668,AVO,,,,
669,BG,,,,
670,BGS,,,,
671,BOF,,,,
672,BRCC,,,,
673,BRFH,,,,
674,BRID,,,,
675,BYND,,,,
676,CAG,,,,
677,CALM,,,,
678,CPB,,,,
679,CVGW,,,,
680,DAR,,,,
681,EDBL,,,,
682,FARM,,,,
683,FDP,,,,
684,FLO,,,,
685,FRPT,,,,
686,GIS,,,,
687,HAIN,,,,
688,HRL,,,,
689,HSY,,,,
690,IMG,,,,
691,INGR,,,,
692,JBSS,,,,
693,JJSF,,,,
694,JVA,,,,
695,K,,,,
696,KHC,,,,
697,KLG,,,,
698,LANC,,,,
699,LMNR,,,,
700,LOCL,,,,
701,LSF,,,,
702,LW,,,,
703,LWAY,,,,
704,MAMA,,,,
705,MDLZ,,,,
706,MKC,,,,
707,MKC/V,,,,
708,POST,,,,
709,PPC,,,,
710,RKDA,,,,
711,RMCF,,,,
712,SANW,,,,
713,SDOT,,,,
714,SEB,,,,
715,SENEA,,,,
716,SENEB,,,,
717,SFD,,,,
718,SJM,,,,
719,SMPL,,,,
720,SOWG,,,,
721,SRXH,,,,
722,STKL,,,,
723,THS,,,,
724,TR,,,,
725,TSN,,,,
726,UTZ,,,,
727,VITL,,,,
728,WEST,,,,
729,CENT,,,,
730,CENTA,,,,
731,CHD,,,,
732,CL,,,,
733,CLX,,,,
734,ENR,,,,
735,KMB,,,,
736,ODC,,,,
737,PG,,,,
738,REYN,,,,
739,SPB,,,,
740,WDFC,,,,
741,AXIL,,,,
742,BRBR,,,,
743,COTY,,,,
744,EL,,,,
745,ELAB,,,,
746,ELF,,,,
747,EPC,,,,
748,FTLF,,,,
749,HLF,,,,
750,HNST,,,,
751,IPAR,,,,
752,KVUE,,,,
753,LFVN,,,,
754,MED,,,,
755,MTEX,,,,
756,NAII,,,,
757,NATR,,,,
758,NUS,,,,
759,OLPX,,,,
760,SHOT,,,,
761,SKIN,,,,
762,SNYR,,,,
763,UG,,,,
764,UPXI,,,,
765,USNA,,,,
766,WALD,,,,
767,ISPR,,,,
768,MO,,,,
769,PM,,,,
770,TPB,,,,
771,UVV,,,,
772,XXII,,,,
773,ACDC,,,,
774,AESI,,,,
775,ARIS,,,,
776,AROC,,,,
777,BKR,,,,
778,BOOM,,,,
779,CHX,,,,
780,CLB,,,,
781,DTI,,,,
782,DWSN,,,,
783,ESOA,,,,
784,FET,,,,
785,FLOC,,,,
786,GEOS,,,,
787,GIFI,,,,
788,HAL,,,,
789,HLX,,,,
790,HP,,,,
791,INVX,,,,
792,KGS,,,,
793,KLXE,,,,
794,LBRT,,,,
795,MIND,,,,
796,NBR,,,,
797,NCSM,,,,
798,NE,,,,
799,NESR,,,,
800,NESRW,,,,
801,NGS,,,,
802,NINE,,,,
803,NOV,,,,
804,OII,,,,
805,OIS,,,,
806,PTEN,,,,
807,PUMP,,,,
808,RES,,,,
809,RNGR,,,,
810,SEI,,,,
811,SLB,,,,
812,SMHI,,,,
813,SND,,,,
814,TDW,,,,
815,TTI,,,,
816,TUSK,,,,
817,USAC,,,,
818,VAL,,,,
819,VTOL,,,,
820,WFRD,,,,
821,WHD,,,,
822,WTTR,,,,
823,XPRO,,,,
824,AM,,,,
825,AMPY,,,,
826,AMTX,,,,
827,APA,,,,
828,AR,,,,
829,AREC,,,,
830,ARLP,,,,
831,BATL,,,,
832,BKV,,,,
833,BPT,,,,
834,BRN,,,,
835,BRY,,,,
836,BSM,,,,
837,BTU,,,,
838,CAPL,,,,
839,CETY,,,,
840,CHRD,,,,
841,CIVI,,,,
842,CLMT,,,,
843,CLNE,,,,
844,CNR,,,,
845,CNX,,,,
846,COP,,,,
847,CQP,,,,
848,CRC,,,,
849,CRGY,,,,
850,CRK,,,,
851,CRT,,,,
852,CTRA,,,,
853,CVI,,,,
854,CVX,,,,
855,DEC,,,,
856,DINO,,,,
857,DK,,,,
858,DKL,,,,
859,DMLP,,,,
860,DTM,,,,
861,DVN,,,,
862,EE,,,,
863,EGY,,,,
864,EOG,,,,
865,EONR,,,,
866,EP,,,,
867,EPD,,,,
868,EPM,,,,
869,EPSN,,,,
870,EQT,,,,
871,ET,,,,
872,EXE,,,,
873,FANG,,,,
874,FF,,,,
875,GEL,,,,
876,GEVO,,,,
877,GLP,,,,
878,GPOR,,,,
879,GPRE,,,,
880,GRNT,,,,
881,HES,,,,
882,HESM,,,,
883,HNRG,,,,
884,HPK,,,,
885,HUSA,,,,
886,INR,,,,
887,INSW,,,,
888,KGEI,,,,
889,KMI,,,,
890,KNTK,,,,
891,KOS,,,,
892,KRP,,,,
893,LEU,,,,
894,LNG,,,,
895,LODE,,,,
896,LPG,,,,
897,LTBR,,,,
898,MARPS,,,,
899,MGY,,,,
900,MMLP,,,,
901,MNR,,,,
902,MPC,,,,
903,MPLX,,,,
904,MTDR,,,,
905,MTR,,,,
906,MUR,,,,
907,MVO,,,,
908,MXC,,,,
909,NC,,,,
910,NEHC,,,,
911,NEXT,,,,
912,NFE,,,,
913,NGL,,,,
914,NOG,,,,
915,NRP,,,,
916,NRT,,,,
917,NVGS,,,,
918,NXXT,,,,
919,OKE,,,,
920,OPAL,,,,
921,OVV,,,,
922,OXY,,,,
923,OXY/WS,,,,
924,PAA,,,,
925,PAGP,,,,
926,PARR,,,,
927,PBF,,,,
928,PBT,,,,
929,PED,,,,
930,PHX,,,,
931,PNRG,,,,
932,PR,,,,
933,PROP,,,,
934,PRT,,,,
935,PSX,,,,
936,PVL,,,,
937,REI,,,,
938,REPX,,,,
939,REX,,,,
940,RRC,,,,
941,SBR,,,,
942,SD,,,,
943,SJT,,,,
944,SKYQ,,,,
945,SLNG,,,,
946,SM,,,,
947,SMC,,,,
948,SOC,,,,
949,STR,,,,
950,SUN,,,,
951,TALO,,,,
952,TPET,,,,
953,TPL,,,,
954,TRGP,,,,
955,TXO,,,,
956,UEC,,,,
957,URG,,,,
958,USEG,,,,
959,UUUU,,,,
960,VG,,,,
961,VGAS,,,,
962,VIVK,,,,
963,VLO,,,,
964,VNOM,,,,
965,VOC,,,,
966,VTLE,,,,
967,VTS,,,,
968,WES,,,,
969,WKC,,,,
970,WMB,,,,
971,WTI,,,,
972,XOM,,,,
973,ATHR,,,,
974,DBRG,,,,
975,DFIN,,,,
976,GLXY,,,,
977,MGLD,,,,
978,VALU,,,,
979,DFDV,,,,
980,FCFS,,,,
981,PRG,,,,
982,ACTG,,,,
983,AVDX,,,,
984,CTLP,,,,
985,FPAY,,,,
986,NATL,,,,
987,OLB,,,,
988,RVYL,,,,
989,HIT,,,,
990,OSCR,,,,
991,ABBV,,,,
992,ABEO,,,,
993,ABOS,,,,
994,ABP,,,,
995,ABSI,,,,
996,ABUS,,,,
997,ABVC,,,,
998,ACAD,,,,
999,ACET,,,,
1000,ACHV,,,,
1001,ACLX,,,,
1002,ACRV,,,,
1003,ACTU,,,,
1004,ACXP,,,,
1005,ADMA,,,,
1006,ADTX,,,,
1007,ADVM,,,,
1008,AEON,,,,
1009,AGEN,,,,
1010,AGIO,,,,
1011,AIMD,,,,
1012,AKBA,,,,
1013,AKRO,,,,
1014,ALDX,,,,
1015,ALEC,,,,
1016,ALGS,,,,
1017,ALLO,,,,
1018,ALLR,,,,
1019,ALNY,,,,
1020,ALT,,,,
1021,ALXO,,,,
1022,ALZN,,,,
1023,AMGN,,,,
1024,ANAB,,,,
1025,ANIK,,,,
1026,ANIX,,,,
1027,ANNX,,,,
1028,ANVS,,,,
1029,APGE,,,,
1030,APLM,,,,
1031,APLS,,,,
1032,APLT,,,,
1033,APRE,,,,
1034,APUS,,,,
1035,APVO,,,,
1036,AQB,,,,
1037,ARCT,,,,
1038,ARDX,,,,
1039,ARMP,,,,
1040,ARQT,,,,
1041,ARTV,,,,
1042,ARWR,,,,
1043,ASMB,,,,
1044,ATNF,,,,
1045,ATNFW,,,,
1046,ATNM,,,,
1047,ATOS,,,,
1048,ATRA,,,,
1049,ATXS,,,,
1050,ATYR,,,,
1051,AURA,,,,
1052,AVBP,,,,
1053,AVTX,,,,
1054,AVXL,,,,
1055,AZTR,,,,
1056,BBIO,,,,
1057,BBLG,,,,
1058,BCAB,,,,
1059,BCAX,,,,
1060,BCDA,,,,
1061,BCLI,,,,
1062,BCRX,,,,
1063,BDTX,,,,
1064,BEAM,,,,
1065,BHVN,,,,
1066,BIAF,,,,
1067,BIIB,,,,
1068,BIVI,,,,
1069,BMEA,,,,
1070,BMRN,,,,
1071,BNTC,,,,
1072,BOLD,,,,
1073,BOLT,,,,
1074,BPMC,,,,
1075,BRTX,,,,
1076,BTAI,,,,
1077,BYSI,,,,
1078,CABA,,,,
1079,CADL,,,,
1080,CAMP,,,,
1081,CAPR,,,,
1082,CARM,,,,
1083,CASI,,,,
1084,CATX,,,,
1085,CBUS,,,,
1086,CCCC,,,,
1087,CDIO,,,,
1088,CDNA,,,,
1089,CDTX,,,,
1090,CELC,,,,
1091,CELU,,,,
1092,CELZ,,,,
1093,CERO,,,,
1094,CGEM,,,,
1095,CGON,,,,
1096,CHRO,,,,
1097,CHRS,,,,
1098,CLDI,,,,
1099,CLDX,,,,
1100,CLNN,,,,
1101,CLRB,,,,
1102,CLYM,,,,
1103,CMPX,,,,
1104,CNTA,,,,
1105,CNTB,,,,
1106,COEP,,,,
1107,COGT,,,,
1108,COYA,,,,
1109,CPRX,,,,
1110,CRBP,,,,
1111,CRBU,,,,
1112,CRDF,,,,
1113,CRGX,,,,
1114,CRIS,,,,
1115,CRNX,,,,
1116,CRVO,,,,
1117,CRVS,,,,
1118,CSCI,,,,
1119,CTMX,,,,
1120,CTOR,,,,
1121,CUE,,,,
1122,CVM,,,,
1123,CYCC,,,,
1124,CYCN,,,,
1125,CYTK,,,,
1126,DAWN,,,,
1127,DMAC,,,,
1128,DNLI,,,,
1129,DNTH,,,,
1130,DRMA,,,,
1131,DRUG,,,,
1132,DSGN,,,,
1133,DTIL,,,,
1134,DVAX,,,,
1135,DWTX,,,,
1136,DYAI,,,,
1137,DYN,,,,
1138,EBS,,,,
1139,EDIT,,,,
1140,EDSA,,,,
1141,ELDN,,,,
1142,ELEV,,,,
1143,ELTX,,,,
1144,ELUT,,,,
1145,ENSC,,,,
1146,ENTA,,,,
1147,ENTO,,,,
1148,EQ,,,,
1149,ERAS,,,,
1150,ERNA,,,,
1151,ESLA,,,,
1152,ETNB,,,,
1153,EXAS,,,,
1154,EXEL,,,,
1155,EXOZ,,,,
1156,FATE,,,,
1157,FBIO,,,,
1158,FBLG,,,,
1159,FBRX,,,,
1160,FDMT,,,,
1161,FENC,,,,
1162,FGEN,,,,
1163,FHTX,,,,
1164,FOLD,,,,
1165,GALT,,,,
1166,GANX,,,,
1167,GBIO,,,,
1168,GERN,,,,
1169,GILD,,,,
1170,GLSI,,,,
1171,GLUE,,,,
1172,GLYC,,,,
1173,GNLX,,,,
1174,GNPX,,,,
1175,GOSS,,,,
1176,GOVX,,,,
1177,GRAL,,,,
1178,GRI,,,,
1179,GTBP,,,,
1180,GYRE,,,,
1181,HALO,,,,
1182,HCWB,,,,
1183,HLVX,,,,
1184,HOOK,,,,
1185,HOWL,,,,
1186,HRTX,,,,
1187,HUMA,,,,
1188,HURA,,,,
1189,IBIO,,,,
1190,IBRX,,,,
1191,ICCC,,,,
1192,IDYA,,,,
1193,IGMS,,,,
1194,IKT,,,,
1195,IMAB,,,,
1196,IMMX,,,,
1197,IMNM,,,,
1198,IMNN,,,,
1199,IMRX,,,,
1200,IMUX,,,,
1201,IMVT,,,,
1202,INAB,,,,
1203,INBX,,,,
1204,INCY,,,,
1205,INDP,,,,
1206,INKT,,,,
1207,INMB,,,,
1208,INO,,,,
1209,INSM,,,,
1210,INTS,,,,
1211,INZY,,,,
1212,IONS,,,,
1213,IOVA,,,,
1214,IPSC,,,,
1215,IRD,,,,
1216,IRON,,,,
1217,IRWD,,,,
1218,ITOS,,,,
1219,IVVD,,,,
1220,JANX,,,,
1221,JBIO,,,,
1222,JSPR,,,,
1223,KALA,,,,
1224,KALV,,,,
1225,KAPA,,,,
1226,KLRS,,,,
1227,KLTO,,,,
1228,KNSA,,,,
1229,KOD,,,,
1230,KPTI,,,,
1231,KRON,,,,
1232,KROS,,,,
1233,KRRO,,,,
1234,KRYS,,,,
1235,KTTA,,,,
1236,KURA,,,,
1237,KYMR,,,,
1238,KYTX,,,,
1239,KZR,,,,
1240,LCTX,,,,
1241,LEGN,,,,
1242,LGVN,,,,
1243,LIMN,,,,
1244,LIPO,,,,
1245,LIXT,,,,
1246,LPTX,,,,
1247,LRMR,,,,
1248,LSTA,,,,
1249,LTRN,,,,
1250,LXEO,,,,
1251,LXRX,,,,
1252,LYEL,,,,
1253,MAIA,,,,
1254,MBIO,,,,
1255,MBRX,,,,
1256,MCRB,,,,
1257,MDGL,,,,
1258,MDXG,,,,
1259,MEIP,,,,
1260,MGNX,,,,
1261,MGTX,,,,
1262,MGX,,,,
1263,MIRM,,,,
1264,MLYS,,,,
1265,MNKD,,,,
1266,MNOV,,,,
1267,MNPR,,,,
1268,MRKR,,,,
1269,MRNA,,,,
1270,MRSN,,,,
1271,MTNB,,,,
1272,MTSR,,,,
1273,MTVA,,,,
1274,MYGN,,,,
1275,NBIX,,,,
1276,NERV,,,,
1277,NEUP,,,,
1278,NGNE,,,,
1279,NKTX,,,,
1280,NNVC,,,,
1281,NRIX,,,,
1282,NTLA,,,,
1283,NTRA,,,,
1284,NUVL,,,,
1285,NVAX,,,,
1286,NVCT,,,,
1287,NXTC,,,,
1288,OCGN,,,,
1289,OCX,,,,
1290,OGEN,,,,
1291,OKUR,,,,
1292,OLMA,,,,
1293,ONC,,,,
1294,ONCO,,,,
1295,ORGO,,,,
1296,ORIC,,,,
1297,ORKA,,,,
1298,OSTX,,,,
1299,OTLK,,,,
1300,OVID,,,,
1301,PALI,,,,
1302,PASG,,,,
1303,PBYI,,,,
1304,PCVX,,,,
1305,PDSB,,,,
1306,PEPG,,,,
1307,PGEN,,,,
1308,PHIO,,,,
1309,PMCB,,,,
1310,PMVP,,,,
1311,PRAX,,,,
1312,PRLD,,,,
1313,PRME,,,,
1314,PROK,,,,
1315,PRTC,,,,
1316,PSTV,,,,
1317,PTCT,,,,
1318,PTGX,,,,
1319,PTIX,,,,
1320,PVLA,,,,
1321,PYXS,,,,
1322,QLGN,,,,
1323,QNCX,,,,
1324,QTTB,,,,
1325,RAPT,,,,
1326,RARE,,,,
1327,RCEL,,,,
1328,RCKT,,,,
1329,RCUS,,,,
1330,REGN,,,,
1331,RENB,,,,
1332,REPL,,,,
1333,REVB,,,,
1334,RGLS,,,,
1335,RGNX,,,,
1336,RIGL,,,,
1337,RLAY,,,,
1338,RLYB,,,,
1339,RNA,,,,
1340,RNAC,,,,
1341,RNAZ,,,,
1342,RNTX,,,,
1343,RNXT,,,,
1344,ROIV,,,,
1345,RVMD,,,,
1346,RXRX,,,,
1347,RYTM,,,,
1348,RZLT,,,,
1349,SABS,,,,
1350,SAGE,,,,
1351,SANA,,,,
1352,SBFM,,,,
1353,SER,,,,
1354,SERA,,,,
1355,SGMO,,,,
1356,SGMT,,,,
1357,SHPH,,,,
1358,SILO,,,,
1359,SION,,,,
1360,SKYE,,,,
1361,SLDB,,,,
1362,SLNO,,,,
1363,SLRX,,,,
1364,SLS,,,,
1365,SMMT,,,,
1366,SNDX,,,,
1367,SNGX,,,,
1368,SNPX,,,,
1369,SNSE,,,,
1370,SNTI,,,,
1371,SONN,,,,
1372,SPRO,,,,
1373,SPRY,,,,
1374,SRPT,,,,
1375,SRRK,,,,
1376,SRZN,,,,
1377,STOK,,,,
1378,STRO,,,,
1379,STTK,,,,
1380,SVRA,,,,
1381,SWTX,,,,
1382,SYBX,,,,
1383,SYRE,,,,
1384,TARA,,,,
1385,TCRT,,,,
1386,TCRX,,,,
1387,TECX,,,,
1388,TENX,,,,
1389,TGTX,,,,
1390,THAR,,,,
1391,TIL,,,,
1392,TLSI,,,,
1393,TNGX,,,,
1394,TNXP,,,,
1395,TNYA,,,,
1396,TOVX,,,,
1397,TPST,,,,
1398,TRDA,,,,
1399,TRML,,,,
1400,TSBX,,,,
1401,TSHA,,,,
1402,TVGN,,,,
1403,TVTX,,,,
1404,TWST,,,,
1405,TYRA,,,,
1406,UBX,,,,
1407,UNCY,,,,
1408,UPB,,,,
1409,URGN,,,,
1410,UTHR,,,,
1411,VCEL,,,,
1412,VCYT,,,,
1413,VERA,,,,
1414,VERV,,,,
1415,VIGL,,,,
1416,VIR,,,,
1417,VIVS,,,,
1418,VKTX,,,,
1419,VNDA,,,,
1420,VOR,,,,
1421,VRDN,,,,
1422,VRTX,,,,
1423,VSTM,,,,
1424,VTGN,,,,
1425,VTVT,,,,
1426,VXRT,,,,
1427,VYGR,,,,
1428,WHWK,,,,
1429,WINT,,,,
1430,XAGE,,,,
1431,XBIO,,,,
1432,XBIT,,,,
1433,XCUR,,,,
1434,XFOR,,,,
1435,XGN,,,,
1436,XLO,,,,
1437,XNCR,,,,
1438,XOMA,,,,
1439,YMAB,,,,
1440,ZBIO,,,,
1441,ZNTL,,,,
1442,ZURA,,,,
1443,ZVSA,,,,
1444,ZYME,,,,
1445,ABT,,,,
1446,ADGM,,,,
1447,ADVB,,,,
1448,AEMD,,,,
1449,ALGN,,,,
1450,AMIX,,,,
1451,ANGO,,,,
1452,AORT,,,,
1453,APYX,,,,
1454,ARAY,,,,
1455,ATEC,,,,
1456,ATRC,,,,
1457,AVNS,,,,
1458,AVR,,,,
1459,AXGN,,,,
1460,BAX,,,,
1461,BBNX,,,,
1462,BDX,,,,
1463,BEAT,,,,
1464,BFLY,,,,
1465,BJDX,,,,
1466,BMRA,,,,
1467,BSGM,,,,
1468,BSX,,,,
1469,BVS,,,,
1470,CBLL,,,,
1471,CERS,,,,
1472,CLPT,,,,
1473,CNMD,,,,
1474,COCH,,,,
1475,CODX,,,,
1476,COO,,,,
1477,CTSO,,,,
1478,CVRX,,,,
1479,DCTH,,,,
1480,DHAI,,,,
1481,DXCM,,,,
1482,DXR,,,,
1483,ECOR,,,,
1484,EKSO,,,,
1485,ELMD,,,,
1486,EMBC,,,,
1487,ENOV,,,,
1488,EW,,,,
1489,FEMY,,,,
1490,FONR,,,,
1491,GEHC,,,,
1492,GKOS,,,,
1493,GMED,,,,
1494,GUTS,,,,
1495,HAE,,,,
1496,HOLX,,,,
1497,HSCS,,,,
1498,HSDT,,,,
1499,HYPR,,,,
1500,IART,,,,
1501,ICU,,,,
1502,ICUI,,,,
1503,IDXX,,,,
1504,INBS,,,,
1505,INGN,,,,
1506,INSP,,,,
1507,IRIX,,,,
1508,IRMD,,,,
1509,IRTC,,,,
1510,ISRG,,,,
1511,ITGR,,,,
1512,IVF,,,,
1513,KEQU,,,,
1514,KIDS,,,,
1515,KMTS,,,,
1516,KNW,,,,
1517,KRMD,,,,
1518,LMAT,,,,
1519,LNSR,,,,
1520,LNTH,,,,
1521,LUCD,,,,
1522,LUCY,,,,
1523,LUNG,,,,
1524,MASI,,,,
1525,MBOT,,,,
1526,MDAI,,,,
1527,MGRM,,,,
1528,MLSS,,,,
1529,MMSI,,,,
1530,MODD,,,,
1531,MYO,,,,
1532,NAOV,,,,
1533,NDRA,,,,
1534,NEOG,,,,
1535,NMTC,,,,
1536,NPCE,,,,
1537,NRXS,,,,
1538,NUWE,,,,
1539,NVNO,,,,
1540,NVST,,,,
1541,NXGL,,,,
1542,NXL,,,,
1543,OBIO,,,,
1544,OFIX,,,,
1545,OM,,,,
1546,OMCL,,,,
1547,OSUR,,,,
1548,OWLT,,,,
1549,PAVM,,,,
1550,PDEX,,,,
1551,PEN,,,,
1552,PLSE,,,,
1553,POAI,,,,
1554,POCI,,,,
1555,PODD,,,,
1556,PRCT,,,,
1557,QDEL,,,,
1558,RBOT,,,,
1559,RMD,,,,
1560,RMTI,,,,
1561,RSLS,,,,
1562,RVP,,,,
1563,RXST,,,,
1564,SENS,,,,
1565,SGHT,,,,
1566,SIBN,,,,
1567,SINT,,,,
1568,SMLR,,,,
1569,SMTI,,,,
1570,SNWV,,,,
1571,SOLV,,,,
1572,SRDX,,,,
1573,SRTS,,,,
1574,SSII,,,,
1575,SSKN,,,,
1576,STAA,,,,
1577,STE,,,,
1578,STIM,,,,
1579,STSS,,,,
1580,STXS,,,,
1581,SYK,,,,
1582,TCMD,,,,
1583,TELA,,,,
1584,TFX,,,,
1585,TIVC,,,,
1586,TMCI,,,,
1587,TMDX,,,,
1588,TNDM,,,,
1589,TNON,,,,
1590,UFPT,,,,
1591,UTMD,,,,
1592,VANI,,,,
1593,VERO,,,,
1594,VNRX,,,,
1595,VREX,,,,
1596,VTAK,,,,
1597,XRAY,,,,
1598,XTNT,,,,
1599,ZBH,,,,
1600,ZIMV,,,,
1601,ZYXI,,,,
1602,ACHC,,,,
1603,ADUS,,,,
1604,AGL,,,,
1605,AHCO,,,,
1606,AIRS,,,,
1607,ALHC,,,,
1608,AMED,,,,
1609,AMN,,,,
1610,AMS,,,,
1611,AONC,,,,
1612,ARDT,,,,
1613,ASTH,,,,
1614,AVAH,,,,
1615,BDSX,,,,
1616,BKD,,,,
1617,BTSG,,,,
1618,CAH,,,,
1619,CCEL,,,,
1620,CCRN,,,,
1621,CHE,,,,
1622,CI,,,,
1623,CLOV,,,,
1624,CNC,,,,
1625,CON,,,,
1626,COR,,,,
1627,COSM,,,,
1628,CRVL,,,,
1629,CSTL,,,,
1630,CVS,,,,
1631,CYH,,,,
1632,DCGO,,,,
1633,DGX,,,,
1634,DVA,,,,
1635,EHAB,,,,
1636,EHC,,,,
1637,ELV,,,,
1638,ENSG,,,,
1639,FLGT,,,,
1640,GH,,,,
1641,HCA,,,,
1642,HIMS,,,,
1643,HNGE,,,,
1644,HQY,,,,
1645,HSIC,,,,
1646,HUM,,,,
1647,INFU,,,,
1648,INNV,,,,
1649,IVP,,,,
1650,JYNT,,,,
1651,LFST,,,,
1652,LH,,,,
1653,MCK,,,,
1654,MD,,,,
1655,MODV,,,,
1656,MOH,,,,
1657,NAKA,,,,
1658,NEO,,,,
1659,NEUE,,,,
1660,NHC,,,,
1661,NRC,,,,
1662,NUTX,,,,
1663,OMI,,,,
1664,OPCH,,,,
1665,OPK,,,,
1666,OTRK,,,,
1667,PACS,,,,
1668,PGNY,,,,
1669,PHLT,,,,
1670,PIII,,,,
1671,PINC,,,,
1672,PNTG,,,,
1673,PRPO,,,,
1674,PRVA,,,,
1675,QIPT,,,,
1676,RDNT,,,,
1677,SBC,,,,
1678,SEM,,,,
1679,SGRY,,,,
1680,SNDA,,,,
1681,SSY,,,,
1682,TALK,,,,
1683,THC,,,,
1684,TOI,,,,
1685,UHS,,,,
1686,UNH,,,,
1687,USPH,,,,
1688,VMD,,,,
1689,VVOS,,,,
1690,WGRX,,,,
1691,WGS,,,,
1692,ACON,,,,
1693,AIFF,,,,
1694,AMWL,,,,
1695,BFRG,,,,
1696,CCLD,,,,
1697,CERT,,,,
1698,CTEV,,,,
1699,DH,,,,
1700,DOCS,,,,
1701,DRIO,,,,
1702,EVH,,,,
1703,FORA,,,,
1704,GDRX,,,,
1705,HCAT,,,,
1706,HCTI,,,,
1707,HSTM,,,,
1708,ICAD,,,,
1709,ISPC,,,,
1710,LFMD,,,,
1711,ONMD,,,,
1712,OPRX,,,,
1713,PHR,,,,
1714,SCNX,,,,
1715,SDGR,,,,
1716,SLP,,,,
1717,STRM,,,,
1718,TBRG,,,,
1719,TDOC,,,,
1720,VEEV,,,,
1721,VSEE,,,,
1722,WAY,,,,
1723,WORX,,,,
1724,A,,,,
1725,ADPT,,,,
1726,AKYA,,,,
1727,APDN,,,,
1728,ATLN,,,,
1729,AVTR,,,,
1730,AZTA,,,,
1731,BIO,,,,
1732,BIO/B,,,,
1733,BLFS,,,,
1734,BNGO,,,,
1735,BRKR,,,,
1736,CDT,,,,
1737,CDXS,,,,
1738,CRL,,,,
1739,CSBR,,,,
1740,CTKB,,,,
1741,CYRX,,,,
1742,DHR,,,,
1743,FTRE,,,,
1744,HBIO,,,,
1745,ILMN,,,,
1746,IQV,,,,
1747,LAB,,,,
1748,LFCR,,,,
1749,MEDP,,,,
1750,MLAB,,,,
1751,MRVI,,,,
1752,MTD,,,,
1753,MXCT,,,,
1754,NAGE,,,,
1755,NAUT,,,,
1756,NOTV,,,,
1757,OABI,,,,
1758,PACB,,,,
1759,PSNL,,,,
1760,QSI,,,,
1761,QTRX,,,,
1762,RGEN,,,,
1763,RPID,,,,
1764,RVTY,,,,
1765,SEER,,,,
1766,SHC,,,,
1767,TECH,,,,
1768,TEM,,,,
1769,TKNO,,,,
1770,TMO,,,,
1771,TXG,,,,
1772,WAT,,,,
1773,WST,,,,
1774,AARD,,,,
1775,ACRS,,,,
1776,ADIL,,,,
1777,ALMS,,,,
1778,ALTS,,,,
1779,AMLX,,,,
1780,AMPH,,,,
1781,AMRX,,,,
1782,ANEB,,,,
1783,ANIP,,,,
1784,ANRO,,,,
1785,ANTX,,,,
1786,AQST,,,,
1787,ARVN,,,,
1788,ASRT,,,,
1789,ATHA,,,,
1790,AVIR,,,,
1791,AXSM,,,,
1792,AYTU,,,,
1793,BFRI,,,,
1794,BIOA,,,,
1795,BLTE,,,,
1796,BMY,,,,
1797,BTMD,,,,
1798,CALC,,,,
1799,CELG-R,,,,
1800,CGTX,,,,
1801,CING,,,,
1802,CLSD,,,,
1803,CNSP,,,,
1804,CNTX,,,,
1805,COCP,,,,
1806,COLL,,,,
1807,CORT,,,,
1808,CPIX,,,,
1809,CRMD,,,,
1810,CTNM,,,,
1811,CTXR,,,,
1812,CVKD,,,,
1813,DARE,,,,
1814,DERM,,,,
1815,DRRX,,,,
1816,ELAN,,,,
1817,ELVN,,,,
1818,ENVB,,,,
1819,EOLS,,,,
1820,ESPR,,,,
1821,ETON,,,,
1822,EVOK,,,,
1823,EWTX,,,,
1824,EYEN,,,,
1825,EYPT,,,,
1826,FULC,,,,
1827,GPCR,,,,
1828,GRCE,,,,
1829,HOTH,,,,
1830,HRMY,,,,
1831,HROW,,,,
1832,IBO,,,,
1833,IGC,,,,
1834,IKNA,,,,
1835,INVA,,,,
1836,ITRM,,,,
1837,JAGX,,,,
1838,JNJ,,,,
1839,JUNS,,,,
1840,KPRX,,,,
1841,LENZ,,,,
1842,LGND,,,,
1843,LLY,,,,
1844,LPCN,,,,
1845,LQDA,,,,
1846,LYRA,,,,
1847,MAZE,,,,
1848,MBX,,,,
1849,MIRA,,,,
1850,MNMD,,,,
1851,MRK,,,,
1852,NBY,,,,
1853,NKTR,,,,
1854,NMRA,,,,
1855,NRXP,,,,
1856,NTHI,,,,
1857,NTRB,,,,
1858,NUVB,,,,
1859,OCUL,,,,
1860,OGN,,,,
1861,OMER,,,,
1862,PAHC,,,,
1863,PBH,,,,
1864,PCRX,,,,
1865,PCSA,,,,
1866,PFE,,,,
1867,PHAT,,,,
1868,PLRX,,,,
1869,PRPH,,,,
1870,PULM,,,,
1871,RANI,,,,
1872,RAPP,,,,
1873,RLMD,,,,
1874,RPRX,,,,
1875,RVPH,,,,
1876,SAVA,,,,
1877,SCLX,,,,
1878,SCPH,,,,
1879,SCYX,,,,
1880,SEPN,,,,
1881,SIGA,,,,
1882,SNES,,,,
1883,SNOA,,,,
1884,SUPN,,,,
1885,SXTP,,,,
1886,TARS,,,,
1887,TELO,,,,
1888,TERN,,,,
1889,THRD,,,,
1890,TLPH,,,,
1891,TNFA,,,,
1892,TRAW,,,,
1893,TRVI,,,,
1894,TTNP,,,,
1895,TVRD,,,,
1896,TXMD,,,,
1897,VERU,,,,
1898,VRCA,,,,
1899,VTRS,,,,
1900,VTYX,,,,
1901,VYNE,,,,
1902,WVE,,,,
1903,XERS,,,,
1904,YCBD,,,,
1905,ZTS,,,,
1906,ZVRA,,,,
1907,ACHR,,,,
1908,AIR,,,,
1909,AIRI,,,,
1910,ASLE,,,,
1911,ATI,,,,
1912,ATRO,,,,
1913,AVAV,,,,
1914,AXON,,,,
1915,BA,,,,
1916,BWXT,,,,
1917,BYRN,,,,
1918,CDRE,,,,
1919,CVU,,,,
1920,CW,,,,
1921,DCO,,,,
1922,DRS,,,,
1923,EVEX,,,,
1924,GD,,,,
1925,GE,,,,
1926,HEI,,,,
1927,HEI/A,,,,
1928,HII,,,,
1929,HOVR,,,,
1930,HWM,,,,
1931,HXL,,,,
1932,ISSC,,,,
1933,KRMN,,,,
1934,KTOS,,,,
1935,LHX,,,,
1936,LMT,,,,
1937,LOAR,,,,
1938,LUNR,,,,
1939,MNTS,,,,
1940,MOG/A,,,,
1941,MOG/B,,,,
1942,MRCY,,,,
1943,NOC,,,,
1944,NPK,,,,
1945,OPXS,,,,
1946,PKE,,,,
1947,RDW,,,,
1948,RKLB,,,,
1949,RTX,,,,
1950,SARO,,,,
1951,SATL,,,,
1952,SIDU,,,,
1953,SIF,,,,
1954,SPAI,,,,
1955,SPCE,,,,
1956,SPR,,,,
1957,TDG,,,,
1958,TGI,,,,
1959,TXT,,,,
1960,VTSI,,,,
1961,VVX,,,,
1962,WWD,,,,
1963,AIRT,,,,
1964,ARAI,,,,
1965,CHRW,,,,
1966,CJMB,,,,
1967,EXPD,,,,
1968,FDX,,,,
1969,FRGT,,,,
1970,FWRD,,,,
1971,GXO,,,,
1972,HUBG,,,,
1973,RLGT,,,,
1974,UPS,,,,
1975,AAON,,,,
1976,AMWD,,,,
1977,AOS,,,,
1978,APOG,,,,
1979,AWI,,,,
1980,AZEK,,,,
1981,AZZ,,,,
1982,BLDR,,,,
1983,CAPT,,,,
1984,CARR,,,,
1985,CEAD,,,,
1986,CSL,,,,
1987,CSW,,,,
1988,FBIN,,,,
1989,GFF,,,,
1990,HAYW,,,,
1991,IIIN,,,,
1992,JBI,,,,
1993,JCI,,,,
1994,JCTC,,,,
1995,JELD,,,,
1996,LII,,,,
1997,MAS,,,,
1998,MBC,,,,
1999,NCL,,,,
2000,NX,,,,
2001,OC,,,,
2002,REZI,,,,
2003,ROCK,,,,
2004,SSD,,,,
2005,TGEN,,,,
2006,TGLS,,,,
2007,TREX,,,,
2008,UFPI,,,,
2009,WMS,,,,
2010,ZWS,,,,
2011,ABM,,,,
2012,ACCO,,,,
2013,ACU,,,,
2014,ACVA,,,,
2015,AQMS,,,,
2016,AREB,,,,
2017,AWX,,,,
2018,BAER,,,,
2019,BCO,,,,
2020,BRC,,,,
2021,BV,,,,
2022,CECO,,,,
2023,CIX,,,,
2024,CLH,,,,
2025,CPRT,,,,
2026,CTAS,,,,
2027,CVEO,,,,
2028,CWST,,,,
2029,CXW,,,,
2030,DEVS,,,,
2031,DLX,,,,
2032,DRVN,,,,
2033,DSS,,,,
2034,EBF,,,,
2035,FTEK,,,,
2036,GEO,,,,
2037,GWAV,,,,
2038,HCSG,,,,
2039,HNI,,,,
2040,KAR,,,,
2041,KSCP,,,,
2042,LNZA,,,,
2043,LQDT,,,,
2044,MEG,,,,
2045,MLKN,,,,
2046,MSA,,,,
2047,NL,,,,
2048,NVRI,,,,
2049,OMEX,,,,
2050,PBI,,,,
2051,PESI,,,,
2052,QRHC,,,,
2053,QUAD,,,,
2054,RBA,,,,
2055,ROL,,,,
2056,RSG,,,,
2057,SCS,,,,
2058,TILE,,,,
2059,TISI,,,,
2060,TOMZ,,,,
2061,TTEK,,,,
2062,UNF,,,,
2063,VIRC,,,,
2064,VLTO,,,,
2065,VSEC,,,,
2066,VSTS,,,,
2067,WM,,,,
2068,ACA,,,,
2069,ACM,,,,
2070,AGX,,,,
2071,AMRC,,,,
2072,APG,,,,
2073,BBCP,,,,
2074,BWMN,,,,
2075,CTRI,,,,
2076,DY,,,,
2077,ECG,,,,
2078,EME,,,,
2079,FIX,,,,
2080,FLR,,,,
2081,GLDD,,,,
2082,GVA,,,,
2083,IESC,,,,
2084,LMB,,,,
2085,MTRX,,,,
2086,MTZ,,,,
2087,MYRG,,,,
2088,NCRA,,,,
2089,NWPX,,,,
2090,ORN,,,,
2091,PRIM,,,,
2092,PWR,,,,
2093,ROAD,,,,
2094,SGBX,,,,
2095,SHIM,,,,
2096,SLND,,,,
2097,SOL,,,,
2098,STRL,,,,
2099,TPC,,,,
2100,VATE,,,,
2101,VMI,,,,
2102,WSC,,,,
2103,ADN,,,,
2104,ALNT,,,,
2105,AME,,,,
2106,AMPX,,,,
2107,AMSC,,,,
2108,ARRY,,,,
2109,ATKR,,,,
2110,AYI,,,,
2111,BE,,,,
2112,BEEM,,,,
2113,BLNK,,,,
2114,BW,,,,
2115,BWEN,,,,
2116,CHPT,,,,
2117,DFLI,,,,
2118,EAF,,,,
2119,EFOI,,,,
2120,EMR,,,,
2121,ENS,,,,
2122,ENVX,,,,
2123,EOSE,,,,
2124,ESP,,,,
2125,FCEL,,,,
2126,FLNC,,,,
2127,FLUX,,,,
2128,FTCI,,,,
2129,GEV,,,,
2130,GNRC,,,,
2131,GWH,,,,
2132,HUBB,,,,
2133,HYLN,,,,
2134,IPWR,,,,
2135,KULR,,,,
2136,LYTS,,,,
2137,NEOV,,,,
2138,NNE,,,,
2139,NPWR,,,,
2140,NRGV,,,,
2141,NVVE,,,,
2142,NXT,,,,
2143,OESX,,,,
2144,OPTT,,,,
2145,PLPC,,,,
2146,PLUG,,,,
2147,POLA,,,,
2148,POWL,,,,
2149,PPSI,,,,
2150,PSIX,,,,
2151,ROK,,,,
2152,RRX,,,,
2153,RUN,,,,
2154,SDST,,,,
2155,SES,,,,
2156,SHLS,,,,
2157,SKYX,,,,
2158,SMR,,,,
2159,SMXT,,,,
2160,SPWR,,,,
2161,ST,,,,
2162,STEM,,,,
2163,STI,,,,
2164,SUNE,,,,
2165,SVT,,,,
2166,TE,,,,
2167,THR,,,,
2168,TPIC,,,,
2169,TYGO,,,,
2170,ULBI,,,,
2171,VICR,,,,
2172,VRT,,,,
2173,WATT,,,,
2174,WWR,,,,
2175,XPON,,,,
2176,ZEO,,,,
2177,ARCB,,,,
2178,BTOC,,,,
2179,CAR,,,,
2180,CSX,,,,
2181,CVLG,,,,
2182,HTLD,,,,
2183,HTZ,,,,
2184,JBHT,,,,
2185,KNX,,,,
2186,LSTR,,,,
2187,LYFT,,,,
2188,MRTN,,,,
2189,NSC,,,,
2190,ODFL,,,,
2191,PAL,,,,
2192,PAMT,,,,
2193,R,,,,
2194,RXO,,,,
2195,SAIA,,,,
2196,SNDR,,,,
2197,TOPP,,,,
2198,UBER,,,,
2199,UHAL,,,,
2200,UHAL/B,,,,
2201,ULH,,,,
2202,UNP,,,,
2203,WERN,,,,
2204,XPO,,,,
2205,HON,,,,
2206,MMM,,,,
2207,AGCO,,,,
2208,AGFY,,,,
2209,AIN,,,,
2210,AIRJ,,,,
2211,ALG,,,,
2212,ALSN,,,,
2213,ARTW,,,,
2214,ASTE,,,,
2215,ATMU,,,,
2216,BLBD,,,,
2217,BURU,,,,
2218,CAT,,,,
2219,CLIR,,,,
2220,CMCO,,,,
2221,CMI,,,,
2222,CR,,,,
2223,CVGI,,,,
2224,CVR,,,,
2225,DCI,,,,
2226,DDD,,,,
2227,DE,,,,
2228,DOV,,,,
2229,EML,,,,
2230,EPAC,,,,
2231,ERII,,,,
2232,ESAB,,,,
2233,ESE,,,,
2234,FELE,,,,
2235,FLS,,,,
2236,FSS,,,,
2237,FSTR,,,,
2238,FTV,,,,
2239,GBX,,,,
2240,GENC,,,,
2241,GGG,,,,
2242,GHM,,,,
2243,GRC,,,,
2244,GTEC,,,,
2245,GTES,,,,
2246,GTLS,,,,
2247,HI,,,,
2248,HLIO,,,,
2249,HLMN,,,,
2250,HURC,,,,
2251,HY,,,,
2252,HYFM,,,,
2253,IEX,,,,
2254,IR,,,,
2255,ITT,,,,
2256,ITW,,,,
2257,JBTM,,,,
2258,KAI,,,,
2259,KITT,,,,
2260,KMT,,,,
2261,LASE,,,,
2262,LECO,,,,
2263,LNN,,,,
2264,LXFR,,,,
2265,MEC,,,,
2266,MIDD,,,,
2267,MLI,,,,
2268,MLR,,,,
2269,MTW,,,,
2270,MVST,,,,
2271,MWA,,,,
2272,NDSN,,,,
2273,NEPH,,,,
2274,NNBR,,,,
2275,NPO,,,,
2276,OFLX,,,,
2277,OSK,,,,
2278,OTIS,,,,
2279,PCAR,,,,
2280,PDYN,,,,
2281,PH,,,,
2282,PKOH,,,,
2283,PLOW,,,,
2284,PPIH,,,,
2285,PRLB,,,,
2286,RAIL,,,,
2287,RAIN,,,,
2288,RBC,,,,
2289,REVG,,,,
2290,RR,,,,
2291,SCWO,,,,
2292,SHYF,,,,
2293,SNA,,,,
2294,SPXC,,,,
2295,SSYS,,,,
2296,SWK,,,,
2297,SXI,,,,
2298,SYM,,,,
2299,TAYD,,,,
2300,TEX,,,,
2301,TKR,,,,
2302,TNC,,,,
2303,TPCS,,,,
2304,TRN,,,,
2305,TTC,,,,
2306,TWI,,,,
2307,TWIN,,,,
2308,UAVS,,,,
2309,UGRO,,,,
2310,WAB,,,,
2311,WNC,,,,
2312,WOR,,,,
2313,WTS,,,,
2314,XOS,,,,
2315,XYL,,,,
2316,ZONE,,,,
2317,CISS,,,,
2318,GNK,,,,
2319,KEX,,,,
2320,LSH,,,,
2321,MATX,,,,
2322,PANL,,,,
2323,AAL,,,,
2324,ALGT,,,,
2325,ALK,,,,
2326,BLDE,,,,
2327,DAL,,,,
2328,FLYX,,,,
2329,FLYY,,,,
2330,JBLU,,,,
2331,JOBY,,,,
2332,JTAI,,,,
2333,LUV,,,,
2334,MESA,,,,
2335,SKYW,,,,
2336,SNCY,,,,
2337,SOAR,,,,
2338,SRFM,,,,
2339,UAL,,,,
2340,ULCC,,,,
2341,UP,,,,
2342,ADP,,,,
2343,AERT,,,,
2344,ALIT,,,,
2345,AMTM,,,,
2346,ASUR,,,,
2347,BAH,,,,
2348,BBSI,,,,
2349,BGSF,,,,
2350,BKSY,,,,
2351,CACI,,,,
2352,CBZ,,,,
2353,CNDT,,,,
2354,CNXC,,,,
2355,CRAI,,,,
2356,CSGS,,,,
2357,DAY,,,,
2358,DLHC,,,,
2359,EXLS,,,,
2360,EXPO,,,,
2361,FA,,,,
2362,FBYD,,,,
2363,FC,,,,
2364,FCN,,,,
2365,FORR,,,,
2366,G,,,,
2367,HQI,,,,
2368,HSII,,,,
2369,HSON,,,,
2370,HURN,,,,
2371,IBEX,,,,
2372,ICFI,,,,
2373,INOD,,,,
2374,IPDN,,,,
2375,J,,,,
2376,JOB,,,,
2377,KBR,,,,
2378,KELYA,,,,
2379,KELYB,,,,
2380,KFRC,,,,
2381,KFY,,,,
2382,LDOS,,,,
2383,LZ,,,,
2384,MAN,,,,
2385,MG,,,,
2386,MHH,,,,
2387,MMS,,,,
2388,NIXX,,,,
2389,NOTE,,,,
2390,NSP,,,,
2391,NVEE,,,,
2392,PAYC,,,,
2393,PAYX,,,,
2394,PCTY,,,,
2395,PL,,,,
2396,PSN,,,,
2397,RCMT,,,,
2398,RGP,,,,
2399,RHI,,,,
2400,SAIC,,,,
2401,SKIL,,,,
2402,SPIR,,,,
2403,SSNC,,,,
2404,TASK,,,,
2405,TBI,,,,
2406,TIC,,,,
2407,TNET,,,,
2408,TTEC,,,,
2409,ULS,,,,
2410,UPWK,,,,
2411,VRRM,,,,
2412,WFCF,,,,
2413,WLDN,,,,
2414,AIT,,,,
2415,ALTG,,,,
2416,BCC,,,,
2417,BXC,,,,
2418,CAPS,,,,
2419,CNM,,,,
2420,CTOS,,,,
2421,DNOW,,,,
2422,DSGR,,,,
2423,DXPE,,,,
2424,EVI,,,,
2425,FAST,,,,
2426,FERG,,,,
2427,FGI,,,,
2428,FTAI,,,,
2429,GIC,,,,
2430,GMS,,,,
2431,GWW,,,,
2432,HDSN,,,,
2433,HRI,,,,
2434,IPW,,,,
2435,KRT,,,,
2436,MRC,,,,
2437,MSM,,,,
2438,MWYN,,,,
2439,NPKI,,,,
2440,QXO,,,,
2441,RUSHA,,,,
2442,RUSHB,,,,
2443,SITE,,,,
2444,TITN,,,,
2445,TRNS,,,,
2446,URI,,,,
2447,WCC,,,,
2448,WSO,,,,
2449,WSO/B,,,,
2450,XMTR,,,,
2451,SGLY,,,,
2452,AAOI,,,,
2453,ADTN,,,,
2454,ANET,,,,
2455,ASNS,,,,
2456,AVNW,,,,
2457,BKTI,,,,
2458,CALX,,,,
2459,CIEN,,,,
2460,CLFD,,,,
2461,CLRO,,,,
2462,CMBM,,,,
2463,CMTL,,,,
2464,COMM,,,,
2465,CSCO,,,,
2466,DGII,,,,
2467,EXTR,,,,
2468,FFIV,,,,
2469,FKWL,,,,
2470,GNSS,,,,
2471,HLIT,,,,
2472,INSG,,,,
2473,JNPR,,,,
2474,KVHI,,,,
2475,LITE,,,,
2476,LTRX,,,,
2477,MINM,,,,
2478,MSI,,,,
2479,NTCT,,,,
2480,NTGR,,,,
2481,NTIP,,,,
2482,OCC,,,,
2483,ONDS,,,,
2484,RBBN,,,,
2485,UI,,,,
2486,VIAV,,,,
2487,VSAT,,,,
2488,AEIS,,,,
2489,AEVA,,,,
2490,AEVAW,,,,
2491,AIOT,,,,
2492,AIRG,,,,
2493,AMPG,,,,
2494,APH,,,,
2495,ARLO,,,,
2496,ARW,,,,
2497,ASTC,,,,
2498,AVT,,,,
2499,BDC,,,,
2500,BELFA,,,,
2501,BELFB,,,,
2502,BHE,,,,
2503,BMI,,,,
2504,CDW,,,,
2505,CETX,,,,
2506,CGNX,,,,
2507,CLMB,,,,
2508,CNXN,,,,
2509,CODA,,,,
2510,COHR,,,,
2511,CPSH,,,,
2512,CTS,,,,
2513,CXT,,,,
2514,DAIO,,,,
2515,DAKT,,,,
2516,DGLY,,,,
2517,ELSE,,,,
2518,EVLV,,,,
2519,FARO,,,,
2520,FCUV,,,,
2521,FEIM,,,,
2522,FLEX,,,,
2523,FORD,,,,
2524,GLW,,,,
2525,INGM,,,,
2526,INVE,,,,
2527,IPGP,,,,
2528,ITRI,,,,
2529,JBL,,,,
2530,KE,,,,
2531,KEYS,,,,
2532,KN,,,,
2533,KTCC,,,,
2534,LASR,,,,
2535,LFUS,,,,
2536,LGL,,,,
2537,LGL/WS,,,,
2538,LIDR,,,,
2539,LINK,,,,
2540,LPTH,,,,
2541,LWLG,,,,
2542,MASS,,,,
2543,MEI,,,,
2544,MIR,,,,
2545,MPTI,,,,
2546,MSAI,,,,
2547,MVIS,,,,
2548,NOVT,,,,
2549,NSIT,,,,
2550,NSSC,,,,
2551,NSYS,,,,
2552,OPTX,,,,
2553,OSIS,,,,
2554,OUST,,,,
2555,PAR,,,,
2556,PLUS,,,,
2557,PLXS,,,,
2558,RCAT,,,,
2559,REFR,,,,
2560,RELL,,,,
2561,RFIL,,,,
2562,ROG,,,,
2563,SANM,,,,
2564,SCSC,,,,
2565,SGMA,,,,
2566,SMRT,,,,
2567,SNX,,,,
2568,SOBR,,,,
2569,SOTK,,,,
2570,STAI,,,,
2571,TAIT,,,,
2572,TDY,,,,
2573,TRMB,,,,
2574,TTMI,,,,
2575,UMAC,,,,
2576,UUU,,,,
2577,VNT,,,,
2578,VPG,,,,
2579,VRME,,,,
2580,VSH,,,,
2581,VUZI,,,,
2582,WRAP,,,,
2583,ZBRA,,,,
2584,AKAM,,,,
2585,APLD,,,,
2586,ASGN,,,,
2587,BASE,,,,
2588,BBAI,,,,
2589,BIGC,,,,
2590,BLZE,,,,
2591,BNAI,,,,
2592,CISO,,,,
2593,CRWV,,,,
2594,CSAI,,,,
2595,CSPI,,,,
2596,CTM,,,,
2597,CTSH,,,,
2598,CXDO,,,,
2599,DOCN,,,,
2600,DOX,,,,
2601,DTST,,,,
2602,DXC,,,,
2603,EPAM,,,,
2604,FSLY,,,,
2605,GDDY,,,,
2606,GDYN,,,,
2607,HCKT,,,,
2608,IBM,,,,
2609,III,,,,
2610,IT,,,,
2611,KD,,,,
2612,MDB,,,,
2613,NET,,,,
2614,OKTA,,,,
2615,RSSS,,,,
2616,RXT,,,,
2617,SNOW,,,,
2618,TSSI,,,,
2619,TWLO,,,,
2620,UIS,,,,
2621,VRAR,,,,
2622,VRSN,,,,
2623,WYY,,,,
2624,XTIA,,,,
2625,ACLS,,,,
2626,ACMR,,,,
2627,ADI,,,,
2628,AEHR,,,,
2629,ALAB,,,,
2630,ALGM,,,,
2631,ALMU,,,,
2632,AMAT,,,,
2633,AMBA,,,,
2634,AMD,,,,
2635,AMKR,,,,
2636,AOSL,,,,
2637,ASTI,,,,
2638,ASYS,,,,
2639,ATOM,,,,
2640,AVGO,,,,
2641,AXTI,,,,
2642,BZAI,,,,
2643,CEVA,,,,
2644,COHU,,,,
2645,CRDO,,,,
2646,CRUS,,,,
2647,CVV,,,,
2648,DIOD,,,,
2649,DVLT,,,,
2650,ENPH,,,,
2651,ENTG,,,,
2652,FORM,,,,
2653,FSLR,,,,
2654,GCTS,,,,
2655,GFS,,,,
2656,GSIT,,,,
2657,ICHR,,,,
2658,INDI,,,,
2659,INTC,,,,
2660,INTT,,,,
2661,KLAC,,,,
2662,KOPN,,,,
2663,LRCX,,,,
2664,LSCC,,,,
2665,MCHP,,,,
2666,MKSI,,,,
2667,MOBX,,,,
2668,MPWR,,,,
2669,MRAM,,,,
2670,MRVL,,,,
2671,MTSI,,,,
2672,MU,,,,
2673,MXL,,,,
2674,NVDA,,,,
2675,NVEC,,,,
2676,NVTS,,,,
2677,OLED,,,,
2678,ON,,,,
2679,ONTO,,,,
2680,PDFS,,,,
2681,PENG,,,,
2682,PI,,,,
2683,PLAB,,,,
2684,POWI,,,,
2685,PRSO,,,,
2686,PXLW,,,,
2687,QCOM,,,,
2688,QRVO,,,,
2689,QUIK,,,,
2690,RGTI,,,,
2691,RMBS,,,,
2692,SITM,,,,
2693,SKYT,,,,
2694,SLAB,,,,
2695,SMTC,,,,
2696,SWKS,,,,
2697,SYNA,,,,
2698,TER,,,,
2699,TRT,,,,
2700,TXN,,,,
2701,UCTT,,,,
2702,VECO,,,,
2703,WOLF,,,,
2704,ACCS,,,,
2705,ACIW,,,,
2706,ADBE,,,,
2707,ADEA,,,,
2708,ADSK,,,,
2709,AEYE,,,,
2710,AGYS,,,,
2711,AI,,,,
2712,AIP,,,,
2713,AISP,,,,
2714,ALKT,,,,
2715,ALRM,,,,
2716,AMOD,,,,
2717,AMPL,,,,
2718,ANSS,,,,
2719,APP,,,,
2720,APPF,,,,
2721,APPN,,,,
2722,APPS,,,,
2723,ASAN,,,,
2724,ATEN,,,,
2725,AUID,,,,
2726,AUR,,,,
2727,AUUD,,,,
2728,AVPT,,,,
2729,AWRE,,,,
2730,BILL,,,,
2731,BKYI,,,,
2732,BL,,,,
2733,BLIN,,,,
2734,BLKB,,,,
2735,BLND,,,,
2736,BNZI,,,,
2737,BOX,,,,
2738,BRZE,,,,
2739,BSY,,,,
2740,BTCS,,,,
2741,CCCS,,,,
2742,CCRD,,,,
2743,CCSI,,,,
2744,CDNS,,,,
2745,CFLT,,,,
2746,CRM,,,,
2747,CRNC,,,,
2748,CRWD,,,,
2749,CVLT,,,,
2750,CWAN,,,,
2751,CXAI,,,,
2752,CXM,,,,
2753,CYN,,,,
2754,DATS,,,,
2755,DBX,,,,
2756,DDOG,,,,
2757,DJCO,,,,
2758,DLB,,,,
2759,DMRC,,,,
2760,DOCU,,,,
2761,DOMO,,,,
2762,DSP,,,,
2763,DT,,,,
2764,DUOT,,,,
2765,EGAN,,,,
2766,EGHT,,,,
2767,ESTC,,,,
2768,ETWO,,,,
2769,EVCM,,,,
2770,EXFY,,,,
2771,EXOD,,,,
2772,FATN,,,,
2773,FIVN,,,,
2774,FOXO,,,,
2775,FROG,,,,
2776,FRSH,,,,
2777,FTNT,,,,
2778,GEN,,,,
2779,GENVR,,,,
2780,GRYP,,,,
2781,GTLB,,,,
2782,GWRE,,,,
2783,HOLO,,,,
2784,HUBS,,,,
2785,IDAI,,,,
2786,IDCC,,,,
2787,IDN,,,,
2788,IIIV,,,,
2789,INFA,,,,
2790,INLX,,,,
2791,INTA,,,,
2792,INTU,,,,
2793,INTZ,,,,
2794,INUV,,,,
2795,IOT,,,,
2796,IVDA,,,,
2797,JAMF,,,,
2798,KLTR,,,,
2799,KVYO,,,,
2800,LAW,,,,
2801,LIF,,,,
2802,LPSN,,,,
2803,MANH,,,,
2804,MAPS,,,,
2805,MFH,,,,
2806,MITK,,,,
2807,MLNK,,,,
2808,MRIN,,,,
2809,MSFT,,,,
2810,MSTR,,,,
2811,NABL,,,,
2812,NCNO,,,,
2813,NN,,,,
2814,NOW,,,,
2815,NTNX,,,,
2816,NTRP,,,,
2817,NTWK,,,,
2818,NUKK,,,,
2819,NUKKW,,,,
2820,OBLG,,,,
2821,OLO,,,,
2822,ONTF,,,,
2823,OOMA,,,,
2824,ORCL,,,,
2825,OS,,,,
2826,OSPN,,,,
2827,PANW,,,,
2828,PATH,,,,
2829,PCOR,,,,
2830,PD,,,,
2831,PEGA,,,,
2832,PGY,,,,
2833,PHUN,,,,
2834,PLTR,,,,
2835,PRCH,,,,
2836,PRGS,,,,
2837,PRO,,,,
2838,PTC,,,,
2839,QLYS,,,,
2840,QTWO,,,,
2841,RAMP,,,,
2842,RBRK,,,,
2843,RDVT,,,,
2844,REKR,,,,
2845,RMNI,,,,
2846,RNG,,,,
2847,ROP,,,,
2848,RPD,,,,
2849,S,,,,
2850,SAIL,,,,
2851,SEMR,,,,
2852,SGN,,,,
2853,SLNH,,,,
2854,SMSI,,,,
2855,SNCR,,,,
2856,SNPS,,,,
2857,SOUN,,,,
2858,SPSC,,,,
2859,SPT,,,,
2860,SSTI,,,,
2861,SVCO,,,,
2862,TDC,,,,
2863,TENB,,,,
2864,TLS,,,,
2865,TRAK,,,,
2866,TTAN,,,,
2867,TYL,,,,
2868,TZUP,,,,
2869,U,,,,
2870,ULY,,,,
2871,UPLD,,,,
2872,VEEA,,,,
2873,VERB,,,,
2874,VERI,,,,
2875,VERX,,,,
2876,VHC,,,,
2877,VRNS,,,,
2878,VRNT,,,,
2879,VYX,,,,
2880,WDAY,,,,
2881,WEAV,,,,
2882,WK,,,,
2883,XPER,,,,
2884,YEXT,,,,
2885,YOU,,,,
2886,ZETA,,,,
2887,ZM,,,,
2888,ZS,,,,
2889,AAPL,,,,
2890,ALOT,,,,
2891,BOXL,,,,
2892,CRSR,,,,
2893,DBD,,,,
2894,DELL,,,,
2895,FOXX,,,,
2896,HPE,,,,
2897,HPQ,,,,
2898,IMMR,,,,
2899,IONQ,,,,
2900,KODK,,,,
2901,MOVE,,,,
2902,NTAP,,,,
2903,OSS,,,,
2904,PSTG,,,,
2905,QMCO,,,,
2906,QUBT,,,,
2907,SCKT,,,,
2908,SMCI,,,,
2909,SNDK,,,,
2910,SONM,,,,
2911,STX,,,,
2912,TACT,,,,
2913,TBCH,,,,
2914,WDC,,,,
2915,XRX,,,,
2916,ALB,,,,
2917,ALTO,,,,
2918,APD,,,,
2919,ARQ,,,,
2920,ASH,,,,
2921,ASIX,,,,
2922,ASPI,,,,
2923,ASPN,,,,
2924,AVD,,,,
2925,AVNT,,,,
2926,AXTA,,,,
2927,BCPC,,,,
2928,BSLK,,,,
2929,CBT,,,,
2930,CC,,,,
2931,CE,,,,
2932,CF,,,,
2933,CMT,,,,
2934,CTVA,,,,
2935,DD,,,,
2936,DNA,,,,
2937,DOW,,,,
2938,ECL,,,,
2939,ECVT,,,,
2940,EMN,,,,
2941,ESI,,,,
2942,FMC,,,,
2943,FTK,,,,
2944,FUL,,,,
2945,HUN,,,,
2946,HWKN,,,,
2947,IFF,,,,
2948,IOSP,,,,
2949,IPI,,,,
2950,KOP,,,,
2951,KRO,,,,
2952,KWR,,,,
2953,LIN,,,,
2954,LXU,,,,
2955,LYB,,,,
2956,MATV,,,,
2957,MOS,,,,
2958,MTX,,,,
2959,NEU,,,,
2960,NGVT,,,,
2961,NTIC,,,,
2962,OEC,,,,
2963,OLN,,,,
2964,ORGN,,,,
2965,PCT,,,,
2966,PCTTU,,,,
2967,PPG,,,,
2968,PRM,,,,
2969,RPM,,,,
2970,RYAM,,,,
2971,SCL,,,,
2972,SHW,,,,
2973,SLSN,,,,
2974,SMG,,,,
2975,SXT,,,,
2976,TROX,,,,
2977,TSE,,,,
2978,UAN,,,,
2979,VHI,,,,
2980,WLK,,,,
2981,WLKP,,,,
2982,CRH,,,,
2983,EXP,,,,
2984,KNF,,,,
2985,MLM,,,,
2986,SMID,,,,
2987,USLM,,,,
2988,VMC,,,,
2989,ATR,,,,
2990,AVY,,,,
2991,BALL,,,,
2992,CCK,,,,
2993,GEF,,,,
2994,GEF/B,,,,
2995,GPK,,,,
2996,IP,,,,
2997,MYE,,,,
2998,OI,,,,
2999,PACK,,,,
3000,PKG,,,,
3001,SEE,,,,
3002,SLGN,,,,
3003,SON,,,,
3004,TRS,,,,
3005,AA,,,,
3006,ABAT,,,,
3007,ACNT,,,,
3008,AMR,,,,
3009,AP,,,,
3010,CDE,,,,
3011,CENX,,,,
3012,CLF,,,,
3013,CMC,,,,
3014,CMP,,,,
3015,CRS,,,,
3016,CTGO,,,,
3017,DC,,,,
3018,FCX,,,,
3019,FEAM,,,,
3020,FRD,,,,
3021,GORO,,,,
3022,HCC,,,,
3023,HL,,,,
3024,HYMC,,,,
3025,IDR,,,,
3026,IE,,,,
3027,INHD,,,,
3028,KALU,,,,
3029,METC,,,,
3030,METCB,,,,
3031,MP,,,,
3032,MSB,,,,
3033,MTRN,,,,
3034,MTUS,,,,
3035,NB,,,,
3036,NEM,,,,
3037,NIOBW,,,,
3038,NUE,,,,
3039,PLL,,,,
3040,PPTA,,,,
3041,PZG,,,,
3042,RDUS,,,,
3043,RGLD,,,,
3044,RS,,,,
3045,RYI,,,,
3046,SCCO,,,,
3047,SSRM,,,,
3048,STLD,,,,
3049,SXC,,,,
3050,TG,,,,
3051,UAMY,,,,
3052,USAR,,,,
3053,USAU,,,,
3054,VGZ,,,,
3055,VOXR,,,,
3056,WS,,,,
3057,X,,,,
3058,XPL,,,,
3059,ZEUS,,,,
3060,CLW,,,,
3061,LPX,,,,
3062,MAGN,,,,
3063,SLVM,,,,
3064,IHT,,,,
3065,ALBT,,,,
3066,CHCI,,,,
3067,FOR,,,,
3068,LB,,,,
3069,OPEN,,,,
3070,RMSG,,,,
3071,TRC,,,,
3072,Z,,,,
3073,ZG,,,,
3074,AEP,,,,
3075,ALE,,,,
3076,CEG,,,,
3077,DUK,,,,
3078,EIX,,,,
3079,ES,,,,
3080,ETR,,,,
3081,EVRG,,,,
3082,EXC,,,,
3083,FE,,,,
3084,GNE,,,,
3085,HE,,,,
3086,IDA,,,,
3087,LNT,,,,
3088,MGEE,,,,
3089,NEE,,,,
3090,NRG,,,,
3091,OGE,,,,
3092,OKLO,,,,
3093,OTTR,,,,
3094,PCG,,,,
3095,PNW,,,,
3096,POR,,,,
3097,PPL,,,,
3098,SO,,,,
3099,TXNM,,,,
3100,XEL,,,,
3101,ATO,,,,
3102,BIPC,,,,
3103,CPK,,,,
3104,MDU,,,,
3105,NFG,,,,
3106,NJR,,,,
3107,NWN,,,,
3108,OGS,,,,
3109,RGCO,,,,
3110,SGU,,,,
3111,SPH,,,,
3112,SR,,,,
3113,SWX,,,,
3114,UGI,,,,
3115,AES,,,,
3116,ANNA,,,,
3117,BEPC,,,,
3118,CWEN,,,,
3119,CWEN/A,,,,
3120,MNTK,,,,
3121,ORA,,,,
3122,SPRU,,,,
3123,TLN,,,,
3124,VST,,,,
3125,XIFR,,,,
3126,AEE,,,,
3127,AVA,,,,
3128,BKH,,,,
3129,CMS,,,,
3130,CNP,,,,
3131,D,,,,
3132,DTE,,,,
3133,ED,,,,
3134,NI,,,,
3135,NWE,,,,
3136,PEG,,,,
3137,SRE,,,,
3138,UTL,,,,
3139,WEC,,,,
3140,ARTNA,,,,
3141,AWK,,,,
3142,AWR,,,,
3143,CDZI,,,,
3144,CWT,,,,
3145,GWRS,,,,
3146,HTO,,,,
3147,MSEX,,,,
3148,PCYO,,,,
3149,WTRG,,,,
3150,YORW,,,,
3151,BHK-R,,,,
3152,OMDA,,,,
3153,RSF-R,,,,
3154,SAFX,,,,
3155,VBIX,,,,
